Rank,Name,G,PA,HR,AVG,wRC+,WAR,WAR_162,WAR_600
1,Mike Trout,1249,5500,301,0.304,172,75.9,9.84,8.28
2,Buster Posey,1251,5136,140,0.302,129,53,6.86,6.19
3,Joey Votto,1460,6351,241,0.303,152,48.7,5.4,4.6
4,Robinson Cano,1494,6388,246,0.301,132,47.5,5.15,4.46
5,Andrew McCutchen,1503,6495,229,0.284,134,46.5,5.01,4.3
6,Miguel Cabrera,1412,6003,275,0.314,150,43.3,4.97,4.33
7,Adrian Beltre,1252,5253,227,0.307,130,42.8,5.54,4.89
8,Josh Donaldson,1063,4568,225,0.272,139,42.4,6.46,5.57
9,Yadier Molina,1350,5331,125,0.287,106,42.3,5.08,4.76
10,Paul Goldschmidt,1304,5593,249,0.293,141,41.2,5.12,4.42
11,Mookie Betts,844,3855,155,0.301,136,39.9,7.66,6.21
12,Giancarlo Stanton,1181,4974,312,0.269,143,39.9,5.47,4.81
13,Evan Longoria,1456,6174,243,0.265,116,39.1,4.35,3.8
14,Freddie Freeman,1400,5940,238,0.295,139,37.5,4.34,3.79
15,Jonathan Lucroy,1203,4568,108,0.274,102,37,4.98,4.86
16,Russell Martin,1123,4322,142,0.233,103,36.4,5.25,5.05
17,Bryce Harper,1136,4858,230,0.275,138,36.3,5.18,4.48
18,Ben Zobrist,1354,5707,125,0.267,116,36.1,4.32,3.8
19,Manny Machado,1136,4969,223,0.28,120,35.9,5.12,4.33
20,Jose Bautista,1223,5206,285,0.251,139,35.3,4.68,4.07
21,Anthony Rendon,965,4145,145,0.29,129,35.2,5.91,5.1
22,Jose Altuve,1285,5641,131,0.312,125,35.1,4.43,3.73
23,Nelson Cruz,1435,6014,362,0.282,139,34.9,3.94,3.48
24,Ian Kinsler,1373,6036,174,0.266,105,34.8,4.11,3.46
25,Christian Yelich,971,4261,150,0.297,136,34.5,5.76,4.86
26,Brett Gardner,1394,5718,126,0.259,105,33.9,3.94,3.56
27,Yasmani Grandal,921,3472,148,0.241,118,33.8,5.95,5.84
28,Brian McCann,1144,4478,191,0.245,105,33.4,4.73,4.48
29,Dustin Pedroia,1031,4658,98,0.296,115,32.8,5.15,4.22
30,Jason Heyward,1423,5745,150,0.262,108,32.8,3.73,3.43
31,Ryan Braun,1338,5457,248,0.293,133,32.1,3.89,3.53
32,Nolan Arenado,1079,4558,235,0.293,118,32.1,4.82,4.23
33,Kyle Seager,1315,5510,205,0.255,112,32.1,3.95,3.5
34,Justin Upton,1446,6057,262,0.263,121,31.9,3.57,3.16
35,Matt Carpenter,1194,4960,152,0.267,127,30,4.07,3.63
36,Anthony Rizzo,1260,5397,227,0.27,130,29.9,3.84,3.32
37,Lorenzo Cain,1050,4316,78,0.288,106,29,4.47,4.03
38,Francisco Lindor,771,3484,138,0.286,118,28.8,6.05,4.96
39,Edwin Encarnacion,1398,5921,345,0.261,133,28.8,3.34,2.92
40,Kris Bryant,738,3243,140,0.28,136,27.9,6.12,5.16
41,Troy Tulowitzki,859,3576,160,0.293,125,27.8,5.24,4.66
42,Curtis Granderson,1383,5410,242,0.236,115,27.4,3.21,3.04
43,Jose Ramirez,822,3367,126,0.28,122,27.3,5.38,4.86
44,Justin Turner,1097,3964,122,0.292,130,27,3.99,4.09
45,Alex Gordon,1414,5872,153,0.259,104,27,3.09,2.76
46,Chase Headley,1181,4760,109,0.262,108,26.4,3.62,3.33
47,Adam Jones,1499,6336,251,0.278,108,26.4,2.85,2.5
48,George Springer,790,3544,173,0.269,134,26.2,5.37,4.44
49,Xander Bogaerts,964,4133,117,0.288,113,26.1,4.39,3.79
50,Shin-Soo Choo,1336,5881,181,0.27,121,26,3.15,2.65
51,Andrelton Simmons,1060,4280,67,0.269,91,25.6,3.91,3.59
52,Michael Brantley,1212,5165,113,0.297,118,25.5,3.41,2.96
53,Starling Marte,1009,4216,113,0.287,116,25.4,4.08,3.61
54,Elvis Andrus,1507,6538,70,0.274,86,24.7,2.66,2.27
55,Matt Holliday,1049,4343,164,0.283,135,24.2,3.74,3.34
56,Todd Frazier,1226,4888,217,0.242,108,24.1,3.18,2.96
57,Howie Kendrick,1264,5024,105,0.291,111,24,3.08,2.87
58,Joe Mauer,1159,4966,71,0.294,115,24,3.35,2.9
59,Brian Dozier,1144,4900,192,0.244,106,23.7,3.36,2.9
60,Jason Kipnis,1159,4966,126,0.261,103,23.6,3.3,2.85
61,J.D. Martinez,1116,4633,237,0.29,134,23.3,3.38,3.02
62,Jacoby Ellsbury,904,3946,84,0.279,106,22.8,4.09,3.47
63,Chase Utley,1046,4050,98,0.256,105,22.8,3.53,3.38
64,Carlos Gonzalez,1203,4918,217,0.287,114,22.7,3.06,2.77
65,Asdrubal Cabrera,1420,5857,173,0.264,105,22.5,2.57,2.3
66,Adrian Gonzalez,1231,5108,180,0.291,125,22.5,2.96,2.64
67,David Ortiz,957,4036,224,0.292,148,22.4,3.79,3.33
68,Brandon Crawford,1298,4884,104,0.25,94,22.2,2.77,2.73
69,Miguel Montero,897,3405,95,0.253,100,22.1,3.99,3.89
70,Marcell Ozuna,985,4099,163,0.275,115,22,3.62,3.22
71,Neil Walker,1289,5112,149,0.268,111,22,2.76,2.58
72,Daniel Murphy,1246,5044,124,0.299,114,21.9,2.85,2.61
73,Charlie Blackmon,1112,4726,178,0.304,116,21.9,3.19,2.78
74,Brandon Belt,1128,4375,137,0.262,123,21.6,3.1,2.96
75,Jose Reyes,1086,4589,82,0.281,105,21.6,3.22,2.82
76,Hunter Pence,1283,5233,177,0.276,115,21.4,2.7,2.45
77,Yoenis Cespedes,834,3490,165,0.273,124,21.3,4.14,3.66
78,Brandon Phillips,1166,4988,117,0.281,98,21.3,2.96,2.56
79,Alex Bregman,553,2390,103,0.283,144,21.1,6.18,5.3
80,Carlos Santana,1489,6379,238,0.248,121,21,2.28,1.98
81,Carlos Gomez,1113,4125,133,0.253,102,20.9,3.04,3.04
82,Dexter Fowler,1298,5314,123,0.26,109,20.9,2.61,2.36
83,David Wright,738,3206,102,0.282,128,20.7,4.54,3.87
84,Denard Span,1121,4869,57,0.276,102,20.7,2.99,2.55
85,Ryan Zimmerman,1087,4503,179,0.276,117,20.7,3.09,2.76
86,Jose Abreu,955,4142,197,0.295,134,20.6,3.49,2.98
87,Tyler Flowers,789,2744,86,0.238,94,20.4,4.19,4.46
88,Josh Hamilton,692,2944,139,0.289,131,20.1,4.71,4.1
89,Corey Seager,535,2276,86,0.295,130,20,6.06,5.27
90,Carlos Correa,599,2565,106,0.276,127,19.2,5.19,4.49
91,Josh Reddick,1218,4637,141,0.264,106,19.2,2.55,2.48
92,Jayson Werth,964,4079,136,0.269,121,19.1,3.21,2.81
93,David Freese,1167,4195,112,0.277,115,19,2.64,2.72
94,Adam Eaton,831,3622,60,0.282,112,18.9,3.68,3.13
95,J.T. Realmuto,726,2916,95,0.278,110,18.9,4.22,3.89
96,A.J. Pollock,772,3036,101,0.279,113,18.9,3.97,3.74
97,Jed Lowrie,1005,4118,100,0.264,108,18.8,3.03,2.74
98,Jean Segura,1093,4633,82,0.285,97,18.8,2.79,2.43
99,DJ LeMahieu,1144,4642,85,0.305,100,18.8,2.66,2.43
100,Didi Gregorius,905,3594,119,0.265,99,18.7,3.35,3.12
101,Austin Jackson,1115,4653,65,0.273,100,18.6,2.7,2.4
102,Kevin Kiermaier,725,2728,71,0.248,98,18.6,4.16,4.09
103,Aaron Judge,418,1808,119,0.272,152,18.5,7.17,6.14
104,Marcus Semien,852,3594,115,0.255,105,18.5,3.52,3.09
105,Starlin Castro,1486,6233,135,0.28,97,18.2,1.98,1.75
106,Yasiel Puig,861,3376,132,0.277,124,18,3.39,3.2
107,Jhonny Peralta,966,3863,106,0.268,105,17.9,3,2.78
108,Jay Bruce,1425,5750,275,0.246,108,17.8,2.02,1.86
109,Francisco Cervelli,685,2512,40,0.268,107,17.8,4.21,4.25
110,Trevor Story,596,2512,134,0.277,115,17.8,4.84,4.25
111,Martin Prado,1200,4993,86,0.284,101,17.7,2.39,2.13
112,Ian Desmond,1457,5855,177,0.263,95,17.5,1.95,1.79
113,Hanley Ramirez,1050,4374,168,0.272,117,17.5,2.7,2.4
114,Kole Calhoun,1015,4187,155,0.248,107,17.4,2.78,2.49
115,Albert Pujols,1460,6298,296,0.267,117,17.3,1.92,1.65
116,Matt Kemp,1283,5175,226,0.279,121,17.2,2.17,1.99
117,Matt Chapman,422,1764,84,0.255,126,16.8,6.45,5.71
118,Trea Turner,535,2359,73,0.295,117,16.7,5.06,4.25
119,Eugenio Suarez,851,3411,161,0.262,114,16.6,3.16,2.92
120,J.J. Hardy,990,4011,113,0.253,86,16.6,2.72,2.48
121,Mike Moustakas,1170,4679,188,0.251,100,16.6,2.3,2.13
122,Jimmy Rollins,869,3728,85,0.246,93,16.5,3.08,2.66
123,Matt Wieters,1069,4039,137,0.246,92,16.3,2.47,2.42
124,Shane Victorino,656,2769,64,0.267,106,16.3,4.03,3.53
125,Cody Bellinger,501,2063,122,0.273,136,16.3,5.27,4.74
126,Michael Bourn,944,3987,27,0.267,90,16.1,2.76,2.42
127,Michael Conforto,631,2497,118,0.26,128,16,4.11,3.84
128,Colby Rasmus,945,3599,150,0.239,104,15.7,2.69,2.62
129,Wilson Ramos,943,3614,127,0.274,103,15.5,2.66,2.57
130,Matt Joyce,1250,3956,132,0.243,113,15.5,2.01,2.35
131,Tommy Pham,571,2215,81,0.274,127,15.4,4.37,4.17
132,Alexei Ramirez,1087,4390,79,0.267,85,14.9,2.22,2.04
133,Kolten Wong,845,3015,53,0.26,96,14.9,2.86,2.97
134,Jason Castro,849,3106,88,0.231,93,14.9,2.84,2.88
135,Andre Ethier,875,3196,87,0.281,122,14.9,2.76,2.8
136,Torii Hunter,873,3684,118,0.281,116,14.8,2.75,2.41
137,Prince Fielder,936,4049,159,0.282,131,14.8,2.56,2.19
138,Nick Markakis,1523,6641,112,0.284,105,14.8,1.57,1.34
139,Yunel Escobar,1063,4411,61,0.276,99,14.7,2.24,2
140,Angel Pagan,857,3636,49,0.28,103,14.7,2.78,2.43
141,Yan Gomes,774,2880,102,0.245,90,14.4,3.01,3
142,Alex Avila,988,3453,99,0.234,103,14.4,2.36,2.5
143,Jackie Bradley Jr.,867,3252,96,0.238,92,14.2,2.65,2.62
144,Javier Baez,718,2684,117,0.265,102,14.1,3.18,3.15
145,Ender Inciarte,801,3311,40,0.283,93,14,2.83,2.54
146,Mike Zunino,702,2450,108,0.2,82,13.8,3.18,3.38
147,Jarrod Dyson,888,2681,21,0.246,78,13.7,2.5,3.07
148,Whit Merrifield,600,2642,58,0.295,109,13.6,3.67,3.09
149,Carlos Beltran,1024,4154,162,0.273,118,13.5,2.14,1.95
150,David Peralta,720,2864,90,0.29,115,13.5,3.04,2.83
151,Cameron Maybin,1062,3911,67,0.256,94,13.4,2.04,2.06
152,Erick Aybar,1106,4445,49,0.267,89,13.4,1.96,1.81
153,Martin Maldonado,761,2497,68,0.219,75,13.2,2.81,3.17
154,Cesar Hernandez,884,3517,48,0.277,99,13.1,2.4,2.23
155,Zack Cozart,839,3388,87,0.247,86,13,2.51,2.3
156,Chris Young,993,3414,120,0.236,100,13,2.12,2.28
157,Melvin Upton Jr.,956,3678,115,0.23,94,12.9,2.19,2.1
158,Mark Teixeira,802,3391,167,0.239,115,12.9,2.61,2.28
159,Joc Pederson,743,2503,129,0.23,117,12.9,2.81,3.09
160,Marlon Byrd,789,3154,99,0.271,106,12.9,2.65,2.45
161,Jose Iglesias,838,3053,33,0.278,86,12.8,2.47,2.52
162,Aramis Ramirez,784,3161,122,0.278,117,12.7,2.62,2.41
163,Kevin Pillar,899,3459,82,0.262,87,12.7,2.29,2.2
164,Alex Rodriguez,618,2596,113,0.258,116,12.7,3.33,2.94
165,Eduardo Escobar,977,3651,110,0.256,94,12.7,2.11,2.09
166,Aaron Hicks,702,2672,87,0.234,100,12.7,2.93,2.85
167,Mike Napoli,1026,4036,201,0.243,118,12.6,1.99,1.87
168,Pablo Sandoval,1116,4175,121,0.269,105,12.6,1.83,1.81
169,Coco Crisp,754,3176,71,0.252,100,12.5,2.69,2.36
170,Ryan Hanigan,554,1867,25,0.248,84,12.4,3.63,3.99
171,Carl Crawford,635,2446,51,0.281,107,12.3,3.14,3.02
172,Ketel Marte,586,2349,56,0.283,108,12.2,3.37,3.12
173,Dee Gordon,998,4095,18,0.286,88,12.2,1.98,1.79
174,Juan Uribe,718,2535,72,0.251,94,11.9,2.68,2.82
175,David Ross,398,1186,39,0.23,92,11.9,4.84,6.02
176,Travis d'Arnaud,540,2029,72,0.253,101,11.8,3.54,3.49
177,Salvador Perez,973,3868,149,0.269,99,11.7,1.95,1.81
178,Desmond Jennings,567,2351,55,0.245,103,11.7,3.34,2.99
179,Corey Dickerson,823,3103,122,0.284,116,11.7,2.3,2.26
180,Ronald Acuna Jr.,308,1379,80,0.282,138,11.6,6.1,5.05
181,Melky Cabrera,1318,5379,108,0.291,107,11.6,1.43,1.29
182,Rickie Weeks Jr.,842,3043,101,0.246,108,11.6,2.23,2.29
183,Chris Taylor,590,2098,58,0.264,111,11.6,3.19,3.32
184,Jon Jay,1194,4292,37,0.282,100,11.6,1.57,1.62
185,Wil Myers,835,3345,128,0.254,110,11.6,2.25,2.08
186,Chris Davis,1224,4894,257,0.229,106,11.5,1.52,1.41
187,Gary Sanchez,416,1738,115,0.237,118,11.5,4.48,3.97
188,Geovany Soto,524,1837,71,0.235,100,11.4,3.52,3.72
189,Alcides Escobar,1390,5564,40,0.256,70,11.3,1.32,1.22
190,Paul DeJong,421,1750,77,0.251,106,11.2,4.31,3.84
191,Eddie Rosario,692,2808,118,0.277,106,11,2.58,2.35
192,Jose Molina,393,1208,19,0.229,70,11,4.53,5.46
193,Leonys Martin,770,2792,58,0.244,80,11,2.31,2.36
194,Nick Swisher,766,3189,112,0.254,114,11,2.33,2.07
195,Nicholas Castellanos,943,3869,133,0.274,111,10.9,1.87,1.69
196,Odubel Herrera,631,2492,60,0.276,102,10.8,2.77,2.6
197,Carlos Ruiz,771,2810,49,0.272,108,10.8,2.27,2.31
198,Eric Hosmer,1398,5874,175,0.278,107,10.8,1.25,1.1
199,Jonathan Schoop,846,3281,141,0.259,98,10.8,2.07,1.98
200,Max Kepler,596,2402,100,0.237,102,10.7,2.91,2.67
201,Kelly Johnson,909,3237,110,0.243,100,10.7,1.91,1.98
202,Ozzie Albies,398,1727,59,0.279,109,10.6,4.31,3.68
203,Josh Harrison,905,3229,56,0.272,94,10.6,1.9,1.97
204,Khris Davis,933,3680,218,0.243,118,10.6,1.84,1.73
205,Seth Smith,1042,3566,107,0.256,110,10.5,1.63,1.77
206,Stephen Drew,772,2814,73,0.238,92,10.5,2.2,2.24
207,Will Venable,844,2698,67,0.248,100,10.4,2,2.31
208,Matt Olson,412,1672,103,0.246,127,10.3,4.05,3.7
209,Scooter Gennett,793,2911,87,0.286,105,10.3,2.1,2.12
210,Tim Anderson,564,2356,74,0.283,103,10.2,2.93,2.6
211,Billy Hamilton,835,3116,21,0.241,66,10.2,1.98,1.96
212,Juan Soto,306,1325,67,0.294,150,10.2,5.4,4.62
213,Drew Stubbs,869,2971,84,0.241,89,10.2,1.9,2.06
214,Josh Willingham,598,2464,108,0.242,123,10.1,2.74,2.46
215,Yoan Moncada,389,1664,55,0.261,112,10,4.16,3.61
216,Andres Torres,486,1702,25,0.245,100,10,3.33,3.53
217,Christian Vazquez,473,1696,38,0.258,81,9.9,3.39,3.5
218,Randal Grichuk,728,2684,132,0.245,105,9.9,2.2,2.21
219,Dan Uggla,729,2811,114,0.226,104,9.8,2.18,2.09
220,Max Muncy,426,1542,85,0.236,127,9.8,3.73,3.81
221,Brett Lawrie,588,2417,71,0.261,100,9.7,2.67,2.41
222,Logan Forsythe,971,3540,71,0.244,93,9.7,1.62,1.64
223,Joe Panik,718,2825,39,0.27,97,9.6,2.17,2.04
224,Jedd Gyorko,840,2959,121,0.246,102,9.6,1.85,1.95
225,Nori Aoki,759,3044,33,0.285,105,9.6,2.05,1.89
226,Willson Contreras,488,1869,72,0.265,115,9.6,3.19,3.08
227,Gerardo Parra,1346,4692,83,0.274,88,9.6,1.16,1.23
228,Derek Norris,610,2195,63,0.23,91,9.6,2.55,2.62
229,Kyle Schwarber,545,2084,120,0.232,113,9.5,2.82,2.74
230,Marco Scutaro,551,2383,27,0.293,102,9.5,2.79,2.39
231,Joey Gallo,467,1759,120,0.209,112,9.4,3.26,3.21
232,Addison Russell,615,2212,60,0.242,87,9.4,2.48,2.55
233,Travis Shaw,638,2404,104,0.243,102,9.3,2.36,2.32
234,Miguel Sano,535,2239,131,0.242,120,9.3,2.82,2.49
235,Chris Stewart,433,1280,9,0.232,65,9.3,3.48,4.36
236,Ichiro Suzuki,1227,4127,33,0.276,85,9.3,1.23,1.35
237,Kevin Youkilis,372,1579,57,0.26,124,9.3,4.05,3.53
238,Marwin Gonzalez,957,3349,96,0.261,99,9.2,1.56,1.65
239,Brad Miller,801,2830,95,0.24,103,9.1,1.84,1.93
240,Aaron Hill,926,3584,98,0.252,92,9,1.57,1.51
241,Alex Rios,841,3421,85,0.273,96,8.9,1.71,1.56
242,Peter Bourjos,875,2334,43,0.237,84,8.9,1.65,2.29
243,Evan Gattis,706,2662,139,0.248,110,8.9,2.04,2.01
244,Byron Buxton,429,1491,50,0.24,88,8.8,3.32,3.54
245,Freddy Galvis,994,3831,94,0.247,79,8.7,1.42,1.36
246,Rene Rivera,464,1392,38,0.22,72,8.7,3.04,3.75
247,Rafael Devers,386,1653,74,0.282,116,8.7,3.65,3.16
248,Brandon Nimmo,359,1293,39,0.258,133,8.7,3.93,4.04
249,Roberto Perez,441,1507,46,0.212,77,8.6,3.16,3.42
250,Alfonso Soriano,653,2535,122,0.252,108,8.6,2.13,2.04
251,Jeff McNeil,243,1003,30,0.322,141,8.5,5.67,5.08
252,Omar Infante,847,3389,45,0.275,87,8.5,1.63,1.5
253,Andrew Benintendi,485,2104,51,0.273,108,8.5,2.84,2.42
254,Mitch Haniger,350,1499,62,0.267,124,8.4,3.89,3.36
255,Danny Espinosa,872,3267,98,0.221,82,8.3,1.54,1.52
256,Alejandro De Aza,771,2693,51,0.262,100,8.3,1.74,1.85
257,Enrique Hernandez,685,1992,71,0.24,99,8.3,1.96,2.5
258,Jordy Mercer,904,3289,64,0.257,88,8.3,1.49,1.51
259,David DeJesus,687,2511,43,0.259,104,8.3,1.96,1.98
260,Luis Valbuena,890,3119,104,0.222,94,8.2,1.49,1.58
261,Brandon Moss,789,2805,145,0.236,113,8.2,1.68,1.75
262,Gregor Blanco,892,2782,25,0.257,94,8.2,1.49,1.77
263,Justin Morneau,678,2791,84,0.283,113,8,1.91,1.72
264,Craig Gentry,591,1383,7,0.264,86,8,2.19,3.47
265,Rhys Hoskins,404,1762,91,0.239,127,8,3.21,2.72
266,Lonnie Chisenhall,688,2360,64,0.268,102,8,1.88,2.03
267,Jonathan Villar,826,3191,80,0.259,96,8,1.57,1.5
268,Jorge Polanco,492,2081,49,0.279,105,7.9,2.6,2.28
269,Stephen Piscotty,606,2455,83,0.263,111,7.9,2.11,1.93
270,Chris Denorfia,708,2148,38,0.271,103,7.8,1.78,2.18
271,Pedro Alvarez,910,3321,162,0.236,107,7.7,1.37,1.39
272,Steve Pearce,646,2177,83,0.257,114,7.7,1.93,2.12
273,Michael Cuddyer,693,2806,90,0.286,115,7.7,1.8,1.65
274,Mark Trumbo,1097,4419,218,0.249,106,7.6,1.12,1.03
275,Matt Duffy,452,1771,22,0.282,101,7.6,2.72,2.57
276,Juan Lagares,718,2119,25,0.254,82,7.6,1.71,2.15
277,Brian Anderson,361,1491,40,0.267,114,7.6,3.41,3.06
278,Derek Jeter,609,2793,36,0.283,97,7.5,2,1.61
279,Mark Ellis,565,2157,25,0.258,84,7.5,2.15,2.09
280,Mark Canha,497,1840,71,0.247,114,7.5,2.44,2.45
281,Corey Hart,527,2099,95,0.268,120,7.4,2.27,2.12
282,Derek Dietrich,744,2507,84,0.245,108,7.4,1.61,1.77
283,Rajai Davis,1115,3713,55,0.258,85,7.3,1.06,1.18
284,Ben Revere,857,3343,7,0.284,82,7.3,1.38,1.31
285,Franklin Gutierrez,517,1822,57,0.247,96,7.2,2.26,2.37
286,Victor Martinez,1096,4480,135,0.292,114,7.2,1.06,0.96
287,Mitch Moreland,1174,4268,175,0.252,101,7.1,0.98,1
288,Gregory Polanco,711,2819,84,0.246,96,7.1,1.62,1.51
289,Ramon Laureano,220,861,34,0.271,121,7.1,5.23,4.95
290,Lucas Duda,958,3581,156,0.239,116,7.1,1.2,1.19
291,Wilmer Flores,719,2487,86,0.268,102,7.1,1.6,1.71
292,Miguel Rojas,678,2016,24,0.267,86,7,1.67,2.08
293,Placido Polanco,462,1869,14,0.277,85,7,2.45,2.25
294,David Fletcher,278,1166,10,0.29,101,7,4.08,3.6
295,Avisail Garcia,809,3207,98,0.271,103,7,1.4,1.31
296,Cliff Pennington,875,2796,32,0.239,77,6.9,1.28,1.48
297,Michael Saunders,729,2618,81,0.233,96,6.9,1.53,1.58
298,Dustin Ackley,635,2347,46,0.241,90,6.9,1.76,1.76
299,Chipper Jones,333,1341,42,0.276,122,6.9,3.36,3.09
300,Rougned Odor,853,3414,144,0.238,86,6.8,1.29,1.2
301,Hank Conger,373,1134,31,0.221,86,6.7,2.91,3.54
302,Ian Happ,368,1245,62,0.249,117,6.6,2.91,3.18
303,Jake Lamb,602,2290,83,0.24,98,6.6,1.78,1.73
304,Sean Rodriguez,1032,2697,76,0.227,90,6.6,1.04,1.47
305,Fernando Tatis Jr.,138,612,37,0.302,149,6.5,7.63,6.37
306,Daniel Nava,589,1977,29,0.266,104,6.5,1.79,1.97
307,Yuli Gurriel,506,2092,71,0.289,114,6.5,2.08,1.86
308,Scott Rolen,290,1136,33,0.263,106,6.4,3.58,3.38
309,Alberto Callaspo,785,2885,41,0.256,90,6.2,1.28,1.29
310,Harrison Bader,342,1036,30,0.232,93,6.2,2.94,3.59
311,Jake Marisnick,701,1884,56,0.229,81,6.2,1.43,1.97
312,Lance Berkman,372,1459,53,0.269,129,6.2,2.7,2.55
313,Gleyber Torres,304,1227,65,0.272,122,6.1,3.25,2.98
314,Austin Barnes,345,913,18,0.232,95,6.1,2.86,4.01
315,Cody Ross,590,2153,60,0.26,100,6,1.65,1.67
316,Jorge Soler,509,1974,94,0.253,115,6,1.91,1.82
317,Adam Frazier,504,1778,33,0.272,98,6,1.93,2.02
318,Brock Holt,670,2378,23,0.27,92,6,1.45,1.51
319,Paul Konerko,649,2612,113,0.283,124,5.9,1.47,1.36
320,Adam Duvall,593,2147,113,0.234,97,5.8,1.58,1.62
321,Steven Souza Jr.,482,1840,71,0.232,103,5.8,1.95,1.89
322,Luke Voit,277,1003,61,0.274,139,5.8,3.39,3.47
323,Aledmys Diaz,403,1507,53,0.273,108,5.7,2.29,2.27
324,Austin Hedges,410,1349,49,0.198,61,5.7,2.25,2.54
325,Brandon Lowe,176,681,36,0.262,131,5.6,5.15,4.93
326,Carlos Quentin,467,1825,83,0.249,126,5.5,1.91,1.81
327,David Murphy,808,2761,69,0.272,102,5.5,1.1,1.2
328,Justin Smoak,1286,4750,196,0.229,103,5.5,0.69,0.69
329,Brandon Guyer,518,1487,32,0.25,104,5.4,1.69,2.18
330,Willy Adames,287,1096,37,0.261,105,5.4,3.05,2.96
331,Robinson Chirinos,598,2115,85,0.23,101,5.4,1.46,1.53
332,Yonder Alonso,1072,3773,100,0.259,102,5.4,0.82,0.86
333,Billy Butler,1039,4176,107,0.289,117,5.4,0.84,0.78
334,Nick Punto,427,1204,7,0.239,83,5.3,2.01,2.64
335,Darwin Barney,814,2759,31,0.246,71,5.3,1.05,1.15
336,Adam Lind,998,3650,143,0.267,109,5.3,0.86,0.87
337,Joey Wendle,296,1093,15,0.276,100,5.3,2.9,2.91
338,Jamey Carroll,490,1710,1,0.271,89,5.3,1.75,1.86
339,Nick Ahmed,665,2406,60,0.238,76,5.3,1.29,1.32
340,Danny Valencia,865,3222,96,0.268,101,5.3,0.99,0.99
341,Yangervis Solarte,670,2645,75,0.258,98,5.2,1.26,1.18
342,Gaby Sanchez,674,2240,59,0.254,104,5.2,1.25,1.39
343,Dansby Swanson,499,2012,47,0.248,84,5.2,1.69,1.55
344,Trey Mancini,462,1916,86,0.276,115,5.2,1.82,1.63
345,Logan Morrison,997,3779,140,0.238,105,5.2,0.84,0.83
346,Emilio Bonifacio,647,2175,12,0.259,81,5.2,1.3,1.43
347,Jarrod Saltalamacchia,657,2322,87,0.225,94,5.2,1.28,1.34
348,Jurickson Profar,542,2016,59,0.237,90,5.2,1.55,1.55
349,Daric Barton,339,1286,14,0.246,103,5.1,2.44,2.38
350,Chris Iannetta,912,3169,101,0.226,98,5.1,0.91,0.97
351,Welington Castillo,726,2701,98,0.254,98,5.1,1.14,1.13
352,Justin Ruggiano,431,1383,51,0.26,112,5.1,1.92,2.21
353,Rafael Furcal,314,1365,21,0.264,96,5.1,2.63,2.24
354,Tommy La Stella,524,1470,31,0.274,106,5.1,1.58,2.08
355,Madison Bumgarner,308,677,19,0.177,46,5.1,2.68,4.52
356,Adam LaRoche,767,3099,119,0.245,106,5.1,1.08,0.99
357,Ike Davis,667,2392,81,0.239,108,5,1.21,1.25
358,Trevor Plouffe,830,3234,106,0.242,94,5,0.98,0.93
359,Delino DeShields,570,2041,18,0.246,76,5,1.42,1.47
360,Jung Ho Kang,297,1028,46,0.254,116,4.9,2.67,2.86
361,C.J. Cron,686,2586,118,0.257,110,4.9,1.16,1.14
362,Manuel Margot,472,1678,34,0.249,85,4.8,1.65,1.72
363,Yolmer Sanchez,654,2456,31,0.245,79,4.8,1.19,1.17
364,Devon Travis,316,1245,35,0.274,102,4.8,2.46,2.31
365,Matt Adams,834,2574,118,0.259,106,4.8,0.93,1.12
366,Shohei Ohtani,262,953,46,0.271,127,4.7,2.91,2.96
367,Adeiny Hechavarria,917,3271,37,0.253,74,4.7,0.83,0.86
368,Aubrey Huff,359,1342,39,0.264,115,4.7,2.12,2.1
369,Jonny Gomes,690,2225,76,0.242,104,4.7,1.1,1.27
370,Kendrys Morales,1084,4328,167,0.261,109,4.6,0.69,0.64
371,Jorge Alfaro,300,1062,36,0.264,95,4.6,2.48,2.6
372,Omar Narvaez,390,1334,36,0.267,108,4.6,1.91,2.07
373,Robbie Grossman,720,2729,47,0.252,103,4.6,1.04,1.01
374,Amed Rosario,398,1547,31,0.269,89,4.6,1.87,1.78
375,Manny Pina,334,1018,29,0.255,90,4.6,2.23,2.71
376,Mike Yastrzemski,156,621,30,0.276,132,4.6,4.78,4.44
377,Pete Alonso,212,908,65,0.246,131,4.5,3.44,2.97
378,A.J. Pierzynski,822,3109,77,0.272,90,4.5,0.89,0.87
379,Jeimer Candelario,330,1355,37,0.236,96,4.5,2.21,1.99
380,Chris Heisey,697,1758,62,0.238,91,4.5,1.05,1.54
381,Greg Garcia,574,1292,14,0.247,95,4.5,1.27,2.09
382,Ruben Tejada,663,2396,10,0.25,81,4.5,1.1,1.13
383,Maikel Franco,710,2759,109,0.251,91,4.5,1.03,0.98
384,Adalberto Mondesi,302,1151,30,0.242,74,4.4,2.36,2.29
385,Brendan Ryan,620,2040,12,0.214,59,4.4,1.15,1.29
386,Allen Craig,534,2013,59,0.276,113,4.4,1.33,1.31
387,Mark Reynolds,1270,4554,209,0.228,100,4.4,0.56,0.58
388,Mallex Smith,442,1654,13,0.255,90,4.4,1.61,1.6
389,Eric Sogard,730,2295,25,0.245,81,4.4,0.98,1.15
390,Tim Beckham,473,1751,63,0.249,96,4.3,1.47,1.47
391,Michael Young,619,2623,48,0.295,103,4.3,1.13,0.98
392,Nyjer Morgan,392,1380,8,0.269,88,4.3,1.78,1.87
393,Eric Thames,603,2107,96,0.242,108,4.3,1.16,1.22
394,Justin Bour,559,1950,92,0.253,114,4.3,1.25,1.32
395,Domingo Santana,516,1919,77,0.255,110,4.3,1.35,1.34
396,Jose Martinez,430,1382,43,0.29,118,4.3,1.62,1.87
397,Ryan Roberts,390,1310,38,0.238,89,4.2,1.74,1.92
398,John Jaso,803,2581,55,0.258,115,4.2,0.85,0.98
399,Jim Thome,259,850,48,0.265,145,4.2,2.63,2.96
400,Eduardo Nunez,858,3008,58,0.276,90,4.2,0.79,0.84
401,Orlando Hudson,331,1296,16,0.246,87,4.2,2.06,1.94
402,Curt Casali,325,941,37,0.23,96,4.1,2.04,2.61
403,Ramon Santiago,461,1368,13,0.242,77,4.1,1.44,1.8
404,Donovan Solano,498,1579,16,0.277,90,4.1,1.33,1.56
405,Austin Meadows,233,934,43,0.276,126,4,2.78,2.57
406,Stephen Vogt,645,2165,68,0.249,97,4,1,1.11
407,Caleb Joseph,425,1367,32,0.222,66,4,1.52,1.76
408,Mitch Garver,239,816,39,0.256,117,4,2.71,2.94
409,Teoscar Hernandez,372,1379,76,0.247,114,4,1.74,1.74
410,Cory Spangenberg,419,1380,29,0.256,91,4,1.55,1.74
411,Vernon Wells,495,1895,78,0.242,95,3.9,1.28,1.23
412,Michael A. Taylor,569,1788,53,0.238,79,3.9,1.11,1.31
413,Alex Verdugo,206,684,20,0.295,117,3.9,3.07,3.42
414,Ryan Raburn,681,2065,69,0.248,98,3.8,0.9,1.1
415,Casey Blake,209,810,21,0.249,101,3.8,2.95,2.81
416,Hunter Renfroe,428,1576,97,0.229,103,3.8,1.44,1.45
417,Giovanny Urshela,336,1124,35,0.271,99,3.8,1.83,2.03
418,Yorvit Torrealba,333,1196,18,0.259,81,3.8,1.85,1.91
419,Chris Johnson,828,2972,63,0.276,97,3.8,0.74,0.77
420,Chris Coghlan,673,2340,44,0.243,92,3.8,0.91,0.97
421,Johan Camargo,349,1155,34,0.261,96,3.7,1.72,1.92
422,Cavan Biggio,154,673,22,0.238,116,3.7,3.89,3.3
423,Michael Morse,693,2421,99,0.272,118,3.7,0.86,0.92
424,Jesse Winker,298,1024,41,0.281,125,3.6,1.96,2.11
425,Jesus Aguilar,494,1503,69,0.259,111,3.6,1.18,1.44
426,James Loney,980,3698,63,0.278,99,3.5,0.58,0.57
427,Clint Barmes,654,2090,36,0.232,70,3.5,0.87,1
428,Johnny Damon,359,1484,28,0.259,102,3.5,1.58,1.42
429,Travis Hafner,360,1392,50,0.253,116,3.5,1.58,1.51
430,Erik Kratz,333,951,31,0.209,63,3.5,1.7,2.21
431,James McCann,597,2232,64,0.249,85,3.5,0.95,0.94
432,Scott Van Slyke,355,869,29,0.242,109,3.5,1.6,2.42
433,Freddy Sanchez,171,740,10,0.291,105,3.5,3.32,2.84
434,Tyler Naquin,320,1007,31,0.277,101,3.5,1.77,2.09
435,Josh Bell,547,2170,85,0.261,114,3.5,1.04,0.97
436,Sam Fuld,520,1411,11,0.223,76,3.5,1.09,1.49
437,Eloy Jimenez,174,719,45,0.276,124,3.4,3.17,2.84
438,Danny Santana,509,1739,42,0.26,87,3.3,1.05,1.14
439,Juan Pierre,561,2214,5,0.278,81,3.3,0.95,0.89
440,Lourdes Gurriel Jr.,201,812,41,0.283,119,3.3,2.66,2.44
441,Kevin Kouzmanoff,229,894,25,0.25,86,3.3,2.33,2.21
442,Kurt Suzuki,1146,4296,104,0.254,89,3.3,0.47,0.46
443,Carlos Corporan,231,779,20,0.217,70,3.3,2.31,2.54
444,Bryan Reynolds,184,734,21,0.28,115,3.2,2.82,2.62
445,Gordon Beckham,966,3352,66,0.233,76,3.2,0.54,0.57
446,Andruw Jones,278,819,46,0.224,113,3.2,1.86,2.34
447,Ben Gamel,442,1383,23,0.261,95,3.2,1.17,1.39
448,Everth Cabrera,407,1630,10,0.244,80,3.2,1.27,1.18
449,Luke Scott,382,1388,59,0.25,114,3.1,1.31,1.34
450,Chris Carter,750,2853,158,0.217,110,3.1,0.67,0.65
451,Andy Dirks,297,1063,24,0.276,103,3.1,1.69,1.75
452,Niko Goodrum,291,1135,33,0.236,91,3.1,1.73,1.64
453,Chris Gimenez,346,937,21,0.228,85,3.1,1.45,1.99
454,Ji-Man Choi,290,1000,39,0.245,115,3.1,1.73,1.86
455,Adam Dunn,711,2911,146,0.215,109,3,0.68,0.62
456,Travis Snider,529,1615,43,0.242,92,3,0.92,1.11
457,Nate Schierholtz,625,1769,46,0.244,92,3,0.78,1.02
458,Carlos Pena,564,2179,84,0.204,102,3,0.86,0.83
459,Hunter Dozier,287,1158,43,0.255,106,3,1.69,1.55
460,Tucker Barnhart,624,2163,44,0.248,83,3,0.78,0.83
461,Christian Walker,264,918,41,0.254,110,3,1.84,1.96
462,Pat Burrell,212,656,27,0.245,122,3,2.29,2.74
463,Ryan Ludwick,550,2123,67,0.251,103,3,0.88,0.85
464,David Dahl,264,1020,38,0.286,101,2.9,1.78,1.71
465,David Bote,241,693,23,0.243,101,2.9,1.95,2.51
466,Yandy Diaz,201,784,17,0.28,113,2.9,2.34,2.22
467,Brian Goodwin,355,1120,42,0.25,102,2.9,1.32,1.55
468,Ryan Sweeney,400,1287,11,0.269,94,2.9,1.17,1.35
469,Chad Pinder,366,1124,44,0.244,97,2.8,1.24,1.49
470,Franmil Reyes,290,1050,61,0.263,116,2.8,1.56,1.6
471,Eric Young Jr.,621,1865,12,0.245,75,2.7,0.7,0.87
472,J.P. Crawford,212,828,12,0.222,86,2.7,2.06,1.96
473,Eric Chavez,328,946,31,0.268,106,2.7,1.33,1.71
474,Kyle Blanks,224,761,23,0.239,102,2.7,1.95,2.13
475,Keon Broxton,376,1026,39,0.209,81,2.7,1.16,1.58
476,Adam Rosales,548,1511,44,0.229,80,2.7,0.8,1.07
477,Chris Snyder,224,777,25,0.203,80,2.7,1.95,2.08
478,Jesus Guzman,391,1094,25,0.247,101,2.6,1.08,1.43
479,Scott Schebler,380,1379,61,0.239,98,2.6,1.11,1.13
480,Brian Bogusevic,321,834,19,0.238,89,2.6,1.31,1.87
481,Victor Robles,237,889,23,0.253,90,2.6,1.78,1.75
482,Jake Cave,200,648,23,0.255,104,2.6,2.11,2.41
483,John Mayberry,535,1459,52,0.236,97,2.5,0.76,1.03
484,Alex Gonzalez,380,1472,43,0.239,80,2.5,1.07,1.02
485,Casey McGehee,725,2667,51,0.252,87,2.5,0.56,0.56
486,Bobby Abreu,474,1664,32,0.252,109,2.5,0.85,0.9
487,David Lough,342,820,13,0.254,83,2.5,1.18,1.83
488,Casper Wells,277,758,25,0.23,93,2.5,1.46,1.98
489,Jose Lobaton,406,1261,21,0.216,71,2.5,1,1.19
490,Ehire Adrianza,462,1208,16,0.243,81,2.5,0.88,1.24
491,Alexi Casilla,335,990,5,0.249,77,2.4,1.16,1.45
492,J.D. Davis,258,847,33,0.27,116,2.4,1.51,1.7
493,Kirk Nieuwenhuis,414,1116,31,0.221,92,2.4,0.94,1.29
494,Ezequiel Carrera,508,1305,19,0.262,90,2.4,0.77,1.1
495,Jeff Keppinger,468,1844,25,0.285,96,2.4,0.83,0.78
496,Maicer Izturis,401,1488,15,0.257,86,2.4,0.97,0.97
497,Daniel Robertson,245,851,16,0.233,97,2.4,1.59,1.69
498,Danny Jansen,177,610,20,0.204,76,2.3,2.11,2.26
499,Wilson Betemit,289,1060,33,0.277,115,2.3,1.29,1.3
500,Clayton Kershaw,310,711,1,0.168,12,2.3,1.2,1.94
501,Derrek Lee,261,1103,38,0.263,109,2.2,1.37,1.2
502,Jerry Hairston,413,1345,21,0.251,87,2.2,0.86,0.98
503,Jack Cust,179,695,16,0.249,121,2.2,1.99,1.9
504,Anthony Gose,372,1252,12,0.24,81,2.2,0.96,1.05
505,Austin Slater,201,625,13,0.26,101,2.1,1.69,2.02
506,Jose Tabata,509,1765,17,0.275,101,2.1,0.67,0.71
507,Bobby Wilson,367,1034,18,0.203,52,2.1,0.93,1.22
508,Devin Mesoraco,468,1574,58,0.232,94,2.1,0.73,0.8
509,A.J. Ellis,660,2290,44,0.24,97,2.1,0.52,0.55
510,Ramon Hernandez,257,931,27,0.269,98,2.1,1.32,1.35
511,Justin Maxwell,386,1064,35,0.217,89,2.1,0.88,1.18
512,J.D. Drew,220,832,26,0.244,95,2,1.47,1.44
513,Alex Dickerson,208,631,25,0.27,119,2,1.56,1.9
514,Tony Gwynn,436,1083,5,0.223,67,2,0.74,1.11
515,Albert Almora Jr.,489,1316,28,0.271,85,2,0.66,0.91
516,Jose Peraza,554,2005,29,0.27,78,2,0.58,0.6
517,Garrett Cooper,163,616,20,0.281,113,2,1.99,1.95
518,Garrett Jones,798,2786,99,0.247,103,2,0.41,0.43
519,Tyler Colvin,435,1296,49,0.24,88,2,0.74,0.93
520,Kevin Plawecki,317,1052,18,0.223,76,2,1.02,1.14
521,Scott Kingery,304,1090,29,0.233,76,1.9,1.01,1.05
522,Conor Gillaspie,505,1544,33,0.251,89,1.9,0.61,0.74
523,Nomar Mazara,574,2321,80,0.258,90,1.9,0.54,0.49
524,Jack Hannahan,324,896,13,0.238,86,1.9,0.95,1.27
525,Brian Roberts,283,1157,20,0.243,82,1.8,1.03,0.93
526,Sandy Leon,416,1376,27,0.216,61,1.8,0.7,0.78
527,Tony Wolters,387,1220,7,0.238,57,1.8,0.75,0.89
528,Hanser Alberto,277,951,15,0.278,77,1.8,1.05,1.14
529,John Ryan Murphy,283,733,18,0.216,62,1.8,1.03,1.47
530,Edgar Renteria,168,600,8,0.262,86,1.8,1.74,1.8
531,Travis Jankowski,350,994,8,0.238,76,1.7,0.79,1.03
532,John Buck,506,1893,64,0.232,89,1.7,0.54,0.54
533,Kelby Tomlinson,273,687,3,0.265,85,1.7,1.01,1.48
534,Ronald Torreyes,240,638,4,0.277,80,1.7,1.15,1.6
535,Jason Bartlett,306,1252,6,0.24,80,1.7,0.9,0.81
536,Collin Cowgill,318,759,12,0.234,79,1.7,0.87,1.34
537,Victor Reyes,220,700,8,0.272,80,1.7,1.25,1.46
538,Jemile Weeks,260,1068,4,0.254,86,1.7,1.06,0.96
539,Rick Ankiel,309,962,27,0.228,84,1.6,0.84,1
540,Jeff Mathis,681,2137,32,0.192,41,1.6,0.38,0.45
541,Juan Francisco,390,1066,47,0.232,97,1.6,0.66,0.9
542,Nick Hundley,836,2868,80,0.249,89,1.6,0.31,0.33
543,Brandon Inge,379,1324,29,0.223,73,1.6,0.68,0.73
544,George Kottaras,265,746,31,0.212,104,1.6,0.98,1.29
545,Scott Sizemore,166,614,14,0.24,98,1.6,1.56,1.56
546,Andres Blanco,405,934,17,0.258,92,1.5,0.6,0.96
547,Ronny Cedeno,441,1439,17,0.25,79,1.5,0.55,0.63
548,Renato Nunez,290,1093,51,0.246,99,1.5,0.84,0.82
549,Carlos Lee,459,1917,51,0.261,99,1.5,0.53,0.47
550,Miguel Andujar,187,728,28,0.283,115,1.5,1.3,1.24
551,Hernan Perez,641,1825,45,0.252,73,1.4,0.35,0.46
552,Nate McLouth,480,1662,30,0.23,87,1.4,0.47,0.51
553,Shelley Duncan,262,834,35,0.227,101,1.4,0.87,1.01
554,Abraham Almonte,376,1151,18,0.237,80,1.4,0.6,0.73
555,Daniel Descalso,1080,2893,48,0.235,82,1.4,0.21,0.29
556,Robert Andino,324,1117,14,0.24,73,1.4,0.7,0.75
557,Pedro Florimon,321,867,12,0.211,59,1.3,0.66,0.9
558,Laynce Nix,372,796,25,0.246,91,1.3,0.57,0.98
559,Miguel Cairo,263,658,13,0.254,86,1.3,0.8,1.19
560,Roger Bernadina,519,1389,28,0.237,83,1.3,0.41,0.56
561,Todd Helton,435,1689,44,0.264,97,1.3,0.48,0.46
562,Jorge Bonifacio,214,801,23,0.245,91,1.3,0.98,0.97
563,Kelly Shoppach,262,812,27,0.201,84,1.3,0.8,0.96
564,Mikie Mahtook,291,965,33,0.235,86,1.3,0.72,0.81
565,Dominic Smith,240,712,34,0.256,115,1.3,0.88,1.1
566,Anthony Santander,176,709,32,0.252,95,1.3,1.2,1.1
567,Josh Thole,461,1440,9,0.239,72,1.3,0.46,0.54
568,Brayan Pena,503,1636,15,0.26,76,1.2,0.39,0.44
569,Luke Maile,216,657,10,0.198,48,1.2,0.9,1.1
570,Wilmer Difo,373,1060,15,0.247,70,1.2,0.52,0.68
571,Darnell McDonald,263,698,18,0.254,98,1.2,0.74,1.03
572,JaCoby Jones,316,1090,30,0.217,76,1.2,0.62,0.66
573,Chris Parmelee,311,1011,30,0.248,98,1.2,0.63,0.71
574,Daniel Vogelbach,237,817,39,0.207,104,1.2,0.82,0.88
575,Kevin Newman,205,800,13,0.278,88,1.2,0.95,0.9
576,Darin Ruf,321,924,40,0.244,109,1.2,0.61,0.78
577,Reed Johnson,536,1130,13,0.273,93,1.2,0.36,0.64
578,Magglio Ordonez,176,722,17,0.279,103,1.1,1.01,0.91
579,Leury Garcia,480,1613,26,0.257,75,1.1,0.37,0.41
580,Adam Kennedy,335,999,12,0.245,82,1.1,0.53,0.66
581,Munenori Kawasaki,276,738,1,0.237,74,1.1,0.65,0.89
582,Josh Phegley,388,1203,35,0.225,74,1.1,0.46,0.55
583,Victor Caratini,242,663,14,0.25,87,1.1,0.74,1
584,Austin Kearns,283,841,16,0.243,98,1.1,0.63,0.78
585,Aaron Altherr,359,1156,37,0.219,89,1.1,0.5,0.57
586,Paulo Orlando,278,918,14,0.263,78,1,0.58,0.65
587,Rowdy Tellez,169,609,33,0.25,107,1,0.96,0.99
588,Will Middlebrooks,347,1234,43,0.228,76,1,0.47,0.49
589,Cameron Rupp,296,1127,39,0.234,86,1,0.55,0.53
590,Jason Bay,356,1361,37,0.229,92,1,0.46,0.44
591,Tony Kemp,327,852,15,0.234,88,1,0.5,0.7
592,Julio Borbon,248,699,4,0.264,68,0.9,0.59,0.77
593,Colin Moran,355,1182,33,0.269,98,0.9,0.41,0.46
594,Billy Burns,242,899,5,0.27,81,0.9,0.6,0.6
595,Miguel Tejada,300,1191,22,0.263,81,0.9,0.49,0.45
596,Phil Gosselin,355,745,10,0.263,82,0.9,0.41,0.72
597,Ryan Flaherty,547,1474,37,0.215,70,0.9,0.27,0.37
598,Jayson Nix,350,1110,26,0.214,68,0.9,0.42,0.49
599,Adam Engel,359,1123,20,0.222,67,0.9,0.41,0.48
600,Adonis Garcia,244,944,29,0.267,89,0.9,0.6,0.57
601,Kennys Vargas,236,859,35,0.252,100,0.9,0.62,0.63
602,Pedro Severino,246,787,22,0.231,80,0.9,0.59,0.69
603,Andrew Romine,585,1323,10,0.235,63,0.9,0.25,0.41
604,Pete Kozma,341,813,5,0.215,54,0.9,0.43,0.66
605,Mike Carp,297,935,26,0.25,105,0.8,0.44,0.51
606,Scott Hairston,463,1140,48,0.229,95,0.8,0.28,0.42
607,Johnny Giavotella,360,1344,14,0.255,78,0.8,0.36,0.36
608,Erik Gonzalez,260,606,9,0.256,72,0.8,0.5,0.79
609,Andrew Knapp,243,653,10,0.232,86,0.8,0.53,0.74
610,Greg Bird,186,700,32,0.211,96,0.8,0.7,0.69
611,Ryan Howard,840,3386,160,0.24,105,0.8,0.15,0.14
612,Humberto Quintero,259,834,11,0.236,57,0.8,0.5,0.58
613,Elliot Johnson,311,807,12,0.216,65,0.8,0.42,0.59
614,Kevan Smith,228,741,13,0.271,91,0.8,0.57,0.65
615,Aaron Miles,215,641,3,0.277,82,0.7,0.53,0.66
616,Scott Podsednik,197,811,7,0.298,94,0.7,0.58,0.52
617,Mitch Maier,194,608,7,0.246,88,0.7,0.58,0.69
618,Tyler White,257,859,26,0.236,98,0.7,0.44,0.49
619,Phillip Ervin,234,654,17,0.248,92,0.7,0.48,0.64
620,Ryan McMahon,294,931,36,0.237,80,0.7,0.39,0.45
621,Ryon Healy,404,1605,69,0.261,101,0.7,0.28,0.26
622,Alex Presley,450,1503,29,0.263,90,0.7,0.25,0.28
623,Hideki Matsui,320,1246,35,0.252,102,0.7,0.35,0.34
624,Mike Fontenot,235,618,6,0.262,89,0.7,0.48,0.68
625,Shane Robinson,450,823,7,0.22,62,0.7,0.25,0.51
626,Jason Donald,170,603,7,0.257,86,0.6,0.57,0.6
627,Carson Kelly,209,610,22,0.215,78,0.6,0.47,0.59
628,Jeff Baker,448,1117,28,0.26,96,0.6,0.22,0.32
629,Jordan Schafer,413,1277,10,0.232,73,0.6,0.24,0.28
630,Austin Romine,403,1238,27,0.239,70,0.6,0.24,0.29
631,Dayan Viciedo,483,1798,66,0.254,96,0.6,0.2,0.2
632,Orlando Arcia,531,1840,41,0.243,70,0.6,0.18,0.2
633,Chris Getz,342,1152,1,0.245,64,0.6,0.28,0.31
634,Pedro Ciriaco,272,649,5,0.268,76,0.6,0.36,0.55
635,Aaron Rowand,213,708,15,0.231,76,0.6,0.46,0.51
636,Blake Swihart,234,696,12,0.243,76,0.6,0.42,0.52
637,Jesus Sucre,247,721,10,0.222,52,0.6,0.39,0.5
638,Nick Franklin,301,923,24,0.214,78,0.6,0.32,0.39
639,Guillermo Heredia,391,1122,17,0.239,83,0.6,0.25,0.32
640,John McDonald,363,789,15,0.222,60,0.6,0.27,0.46
641,Matt Szczur,363,667,12,0.231,81,0.6,0.27,0.54
642,Corey Patterson,223,738,14,0.253,79,0.5,0.36,0.41
643,Don Kelly,529,1126,23,0.231,73,0.5,0.15,0.27
644,Jake Smolinski,235,673,16,0.235,83,0.5,0.34,0.45
645,Vladimir Guerrero,297,1233,42,0.295,108,0.5,0.27,0.24
646,Vladimir Guerrero Jr.,177,733,22,0.265,106,0.5,0.46,0.41
647,Nolan Reimold,376,1145,41,0.234,92,0.5,0.22,0.26
648,Chris Owings,664,2346,36,0.241,68,0.5,0.12,0.13
649,Brandon Barnes,484,1274,20,0.242,68,0.5,0.17,0.24
650,Kosuke Fukudome,300,1083,21,0.258,103,0.5,0.27,0.28
651,Gorkys Hernandez,394,1091,20,0.23,74,0.4,0.16,0.22
652,Blake DeWitt,278,773,10,0.258,87,0.4,0.23,0.31
653,Fred Lewis,209,715,11,0.249,93,0.4,0.31,0.34
654,Mike Aviles,777,2666,49,0.254,76,0.4,0.08,0.09
655,Tyler Greene,240,630,15,0.224,77,0.4,0.27,0.38
656,Tyler Saladino,326,1064,19,0.226,65,0.4,0.2,0.23
657,Joey Rickard,347,984,20,0.246,79,0.4,0.19,0.24
658,Jake Bauers,213,811,23,0.214,87,0.3,0.23,0.22
659,Jose Pirela,302,985,17,0.257,88,0.3,0.16,0.18
660,Eric Hinske,391,789,24,0.231,92,0.3,0.12,0.23
661,Joaquin Arias,433,977,7,0.261,73,0.3,0.11,0.18
662,Josh Wilson,243,658,5,0.231,64,0.3,0.2,0.27
663,Rio Ruiz,247,787,25,0.217,74,0.3,0.2,0.23
664,Jason Bourgeois,287,718,5,0.256,74,0.2,0.11,0.17
665,Jefry Marte,256,728,30,0.222,89,0.2,0.13,0.16
666,Chris Colabello,225,793,28,0.257,104,0.2,0.14,0.15
667,Ronald Guzman,232,793,29,0.231,85,0.2,0.14,0.15
668,Elian Herrera,223,639,8,0.253,82,0.2,0.15,0.19
669,Matt Davidson,298,1075,52,0.223,95,0.2,0.11,0.11
670,Jonathan Herrera,462,1279,10,0.261,66,0.1,0.04,0.05
671,Delmon Young,666,2520,71,0.278,99,0.1,0.02,0.02
672,Kevin Frandsen,340,910,8,0.267,86,0.1,0.05,0.07
673,Domonic Brown,493,1748,54,0.246,94,0.1,0.03,0.03
674,Wil Nieves,224,663,8,0.248,62,0.1,0.07,0.09
675,Jeff Francoeur,775,2720,72,0.25,85,0,0,0
676,Josh Rutledge,370,1206,20,0.258,77,0,0,0
677,Nick Williams,290,903,31,0.254,94,0,0,0
678,Greg Allen,221,618,8,0.239,69,-0.1,-0.07,-0.1
679,Junior Lake,223,703,17,0.235,81,-0.1,-0.07,-0.09
680,Conor Jackson,174,631,7,0.241,82,-0.1,-0.09,-0.1
681,Brennan Boesch,481,1713,48,0.25,89,-0.1,-0.03,-0.04
682,Chone Figgins,346,1285,4,0.227,71,-0.1,-0.05,-0.05
683,Logan Schafer,318,720,5,0.214,66,-0.1,-0.05,-0.08
684,Ryan Theriot,386,1507,3,0.27,79,-0.1,-0.04,-0.04
685,Charlie Culberson,428,916,23,0.247,75,-0.1,-0.04,-0.07
686,Lyle Overbay,603,1960,49,0.24,93,-0.2,-0.05,-0.06
687,Juan Rivera,365,1315,35,0.252,92,-0.2,-0.09,-0.09
688,Omar Quintanilla,186,603,6,0.221,66,-0.2,-0.17,-0.2
689,Tommy Joseph,249,880,43,0.247,95,-0.2,-0.13,-0.14
690,Michael McKenry,311,953,29,0.238,95,-0.2,-0.1,-0.13
691,Ryan Rua,279,755,23,0.236,74,-0.3,-0.17,-0.24
692,Dioner Navarro,519,1729,44,0.247,88,-0.3,-0.09,-0.1
693,Jace Peterson,529,1683,22,0.227,77,-0.3,-0.09,-0.11
694,Ian Stewart,248,851,25,0.22,72,-0.3,-0.2,-0.21
695,Endy Chavez,324,980,11,0.268,79,-0.3,-0.15,-0.18
696,Jason Kubel,525,2020,69,0.248,99,-0.3,-0.09,-0.09
697,Willie Bloomquist,390,1279,8,0.277,81,-0.4,-0.17,-0.19
698,Oswaldo Arcia,288,1075,44,0.235,96,-0.4,-0.23,-0.22
699,Xavier Paul,338,751,11,0.25,85,-0.4,-0.19,-0.32
700,Jason Giambi,308,773,31,0.217,94,-0.4,-0.21,-0.31
701,Ryan Goins,556,1690,22,0.228,64,-0.4,-0.12,-0.14
702,Angel Sanchez,177,602,1,0.256,71,-0.4,-0.37,-0.4
703,Jose Lopez,313,1112,22,0.236,66,-0.4,-0.21,-0.22
704,Brandon Drury,456,1620,47,0.248,81,-0.5,-0.18,-0.19
705,Wilin Rosario,447,1601,71,0.273,94,-0.5,-0.18,-0.19
706,Ryan O'Hearn,187,664,28,0.213,90,-0.5,-0.43,-0.45
707,Isiah Kiner-Falefa,228,822,8,0.263,76,-0.5,-0.36,-0.36
708,Carlos Perez,212,670,11,0.215,56,-0.5,-0.38,-0.45
709,J.P. Arencibia,467,1687,80,0.212,78,-0.5,-0.17,-0.18
710,Brent Morel,220,717,13,0.227,60,-0.6,-0.44,-0.5
711,Preston Tucker,243,651,23,0.222,87,-0.6,-0.4,-0.55
712,Orlando Cabrera,253,1014,9,0.251,67,-0.6,-0.38,-0.36
713,Yasmany Tomas,309,1175,48,0.266,97,-0.6,-0.31,-0.31
714,J.T. Riddle,243,776,19,0.222,64,-0.7,-0.47,-0.54
715,Grady Sizemore,313,1112,21,0.233,84,-0.7,-0.36,-0.38
716,Ben Francisco,291,747,17,0.241,89,-0.7,-0.39,-0.56
717,Steve Lombardozzi,291,848,5,0.26,70,-0.7,-0.39,-0.5
718,Reid Brignac,334,847,11,0.215,53,-0.7,-0.34,-0.5
719,Matt Dominguez,362,1369,42,0.231,77,-0.8,-0.36,-0.35
720,Raul Ibanez,643,2412,89,0.242,100,-0.8,-0.2,-0.2
721,Cesar Izturis,293,861,3,0.228,46,-0.8,-0.44,-0.56
722,Trevor Crowe,197,692,3,0.241,72,-0.8,-0.66,-0.69
723,Brett Wallace,494,1440,40,0.238,93,-0.9,-0.3,-0.38
724,Alen Hanson,261,625,12,0.232,68,-0.9,-0.56,-0.86
725,Raimel Tapia,299,860,13,0.277,74,-0.9,-0.49,-0.63
726,Matt Diaz,261,649,9,0.248,79,-0.9,-0.56,-0.83
727,Paul Janish,345,924,5,0.215,51,-1,-0.47,-0.65
728,Wilson Valdez,287,871,5,0.243,61,-1,-0.56,-0.69
729,Hector Sanchez,347,834,21,0.238,76,-1,-0.47,-0.72
730,Cheslor Cuthbert,323,1161,27,0.25,80,-1.1,-0.55,-0.57
731,Cody Asche,390,1349,32,0.234,82,-1.1,-0.46,-0.49
732,Elias Diaz,271,870,14,0.249,75,-1.1,-0.66,-0.76
733,Jose Osuna,272,691,22,0.238,80,-1.1,-0.66,-0.96
734,Jorge Cantu,184,670,14,0.242,74,-1.2,-1.06,-1.07
735,Omar Vizquel,226,736,2,0.261,68,-1.3,-0.93,-1.06
736,Casey Kotchman,419,1541,31,0.25,88,-1.3,-0.5,-0.51
737,Miguel Olivo,370,1362,49,0.236,78,-1.4,-0.61,-0.62
738,Tyler Moore,381,852,30,0.228,81,-1.4,-0.6,-0.99
739,Ty Wigginton,456,1518,48,0.239,86,-1.4,-0.5,-0.55
740,Matt LaPorta,239,870,24,0.234,89,-1.4,-0.95,-0.97
741,Ronny Paulino,189,656,6,0.262,76,-1.5,-1.29,-1.37
742,John Hicks,254,871,28,0.235,76,-1.5,-0.96,-1.03
743,Rod Barajas,301,1037,44,0.225,86,-1.6,-0.86,-0.93
744,Chris Herrmann,370,992,25,0.205,67,-1.6,-0.7,-0.97
745,Anthony Recker,206,630,18,0.199,76,-1.6,-1.26,-1.52
746,Jimmy Paredes,332,1012,20,0.251,77,-1.7,-0.83,-1.01
747,Matt Treanor,190,636,10,0.205,66,-1.8,-1.53,-1.7
748,Jorge Posada,235,838,32,0.242,107,-1.8,-1.24,-1.29
749,JB Shuck,461,1289,8,0.243,70,-1.8,-0.63,-0.84
750,Chris Nelson,282,901,16,0.265,79,-1.9,-1.09,-1.27
751,Skip Schumaker,700,2128,13,0.263,85,-2.1,-0.49,-0.59
752,Alexi Amarista,702,1901,21,0.231,64,-2.3,-0.53,-0.73
753,Xavier Nady,282,778,17,0.232,70,-2.3,-1.32,-1.77
754,Yuniesky Betancourt,497,1809,49,0.242,72,-2.3,-0.75,-0.76
755,Ryan Spilborghs,232,611,13,0.253,85,-2.4,-1.68,-2.36
756,Jesus Montero,226,865,28,0.253,92,-2.4,-1.72,-1.66
757,Bryan Holaday,289,766,10,0.238,65,-2.4,-1.35,-1.88
758,Mark Kotsay,397,941,14,0.242,77,-2.6,-1.06,-1.66
759,Tony Cruz,272,664,6,0.216,53,-2.6,-1.55,-2.35
760,Lewis Brinson,246,803,16,0.192,50,-2.6,-1.71,-1.94
761,Michael Martinez,295,621,6,0.194,34,-2.8,-1.54,-2.71
762,Greg Dobbs,492,1267,20,0.254,75,-2.8,-0.92,-1.33
763,Lou Marson,239,806,4,0.215,70,-2.9,-1.97,-2.16
764,Drew Butera,541,1435,19,0.199,48,-3.5,-1.05,-1.46
765,Jordan Pacheco,377,1149,10,0.272,70,-4.4,-1.89,-2.3
766,Gerald Laird,290,908,9,0.236,72,-4.8,-2.68,-3.17
767,Ryan Doumit,570,1924,58,0.258,101,-5.8,-1.65,-1.81